step,k
0,0
250,0.3586364081995443
500,0.3773445504746689
750,0.37803140950716535
1000,0.3780566163193041
1250,0.37805754138930037
1500,0.3780575753386592
